Nome do Repositório,Username do Proprietário,Estrelas,Última Atualização,Pull Requests,Releases,Anos de Vida,Linguagem Primaria,Percentual de Issues Fechadas
freeCodeCamp,freeCodeCamp,314790,17/09/2020,13142,0,6,JavaScript,99
996.ICU,996icu,251641,09/09/2020,1020,0,1,Rust,0
vue,vuejs,172170,16/09/2020,974,208,7,JavaScript,96
free-programming-books,EbookFoundation,159624,17/09/2020,2578,0,7,Não Informado,92
react,facebook,156003,17/09/2020,7030,90,7,JavaScript,95
tensorflow,tensorflow,148467,17/09/2020,10483,112,5,C++,86
bootstrap,twbs,144147,17/09/2020,6040,61,9,JavaScript,98
awesome,sindresorhus,141035,16/09/2020,493,0,6,Não Informado,94
coding-interview-university,jwasham,135056,16/09/2020,183,0,4,Não Informado,83
You-Dont-Know-JS,getify,127458,06/09/2020,349,0,7,Não Informado,91
developer-roadmap,kamranahmedse,126403,04/08/2020,57,3,3,Não Informado,93
ohmyzsh,ohmyzsh,116305,16/09/2020,2308,0,11,Shell,94
CS-Notes,CyC2018,111150,03/09/2020,361,0,2,Java,88
gitignore,github,107928,17/09/2020,1414,0,10,Não Informado,0
system-design-primer,donnemartin,106942,13/09/2020,183,0,3,Python,38
vscode,microsoft,103319,17/09/2020,5672,16,5,TypeScript,95
flutter,flutter,101538,17/09/2020,16399,0,5,Dart,82
javascript,airbnb,99726,08/09/2020,740,0,8,JavaScript,93
linux,torvalds,97546,17/09/2020,9,0,9,C,0
public-apis,public-apis,96372,17/09/2020,785,0,4,Python,86
d3,d3,93719,02/09/2020,435,158,10,JavaScript,100
Python-100-Days,jackfrued,92728,08/09/2020,12,0,2,Jupyter Notebook,17
react-native,facebook,90142,17/09/2020,614,147,5,JavaScript,96
JavaGuide,Snailclimb,88167,17/09/2020,323,0,2,Java,94
awesome-python,vinta,86709,15/09/2020,504,0,6,Python,100
electron,electron,85821,17/09/2020,10025,618,7,C++,90
Python,TheAlgorithms,85672,17/09/2020,1150,0,4,Python,99
build-your-own-x,danistefanovic,82366,23/08/2020,82,0,2,Não Informado,79
create-react-app,facebook,82009,17/09/2020,1802,74,4,JavaScript,91
javascript-algorithms,trekhleb,81003,15/09/2020,156,0,2,JavaScript,64
the-art-of-command-line,jlevy,80361,11/09/2020,303,0,5,Não Informado,48
axios,axios,77060,17/09/2020,351,24,6,JavaScript,92
go,golang,76603,17/09/2020,0,0,6,Go,85
node,nodejs,73030,17/09/2020,2494,179,6,JavaScript,93
youtube-dl,ytdl-org,70844,17/09/2020,1429,300,10,Python,85
kubernetes,kubernetes,70101,17/09/2020,44472,419,6,Go,94
free-programming-books-zh_CN,justjavac,69878,04/09/2020,268,3,7,Não Informado,0
animate.css,animate-css,67896,17/09/2020,172,22,9,CSS,100
terminal,microsoft,67883,17/09/2020,1356,34,3,C++,82
deno,denoland,67383,17/09/2020,3381,100,2,TypeScript,80
models,tensorflow,66136,17/09/2020,2090,13,4,Python,85
angular,angular,66047,17/09/2020,2921,0,6,TypeScript,87
computer-science,ossu,65831,17/09/2020,171,0,6,Não Informado,99
puppeteer,puppeteer,65166,17/09/2020,1702,51,3,TypeScript,72
TypeScript,microsoft,64372,17/09/2020,9882,107,6,TypeScript,84
Font-Awesome,FortAwesome,63918,15/07/2020,179,38,8,JavaScript,67
three.js,mrdoob,63468,17/09/2020,7586,112,10,JavaScript,96
ant-design,ant-design,63408,17/09/2020,6303,363,5,TypeScript,97
fucking-algorithm,labuladong,62029,17/09/2020,121,0,0,Não Informado,90
30-seconds-of-code,30-seconds,61833,17/09/2020,669,4,3,JavaScript,100
laravel,laravel,61494,17/09/2020,1251,40,9,PHP,0
material-ui,mui-org,61045,17/09/2020,8712,273,6,JavaScript,96
java-design-patterns,iluwatar,60594,16/09/2020,624,0,6,Java,64
vue-element-admin,PanJiaChen,59840,08/09/2020,313,49,3,Vue,76
angular.js,angular,59509,12/09/2020,783,0,10,JavaScript,96
LeetCodeAnimation,MisterBooo,59273,24/08/2020,61,0,2,Java,87
moby,moby,58075,17/09/2020,16431,86,7,Go,82
awesome-go,avelino,57502,17/09/2020,2182,0,6,Go,97
awesome-vue,vuejs,56398,17/09/2020,2950,0,5,Não Informado,64
webpack,webpack,55616,17/09/2020,3120,235,8,JavaScript,97
thefuck,nvbn,55503,08/09/2020,416,15,5,Python,65
redux,reduxjs,54309,14/09/2020,1325,61,5,TypeScript,98
jquery,jquery,53977,11/09/2020,488,1,11,JavaScript,97
swift,apple,53491,17/09/2020,29691,27,5,C++,0
storybook,storybookjs,53487,17/09/2020,4782,592,4,TypeScript,89
next.js,vercel,53325,17/09/2020,5290,820,4,JavaScript,93
reveal.js,hakimel,53107,10/09/2020,338,31,9,JavaScript,73
atom,atom,53017,17/09/2020,3646,520,8,JavaScript,96
nodebestpractices,goldbergyoni,52473,17/09/2020,464,0,3,JavaScript,93
flask,pallets,52037,17/09/2020,1077,10,10,Python,99
django,django,52008,17/09/2020,5885,0,8,Python,0
elasticsearch,elastic,51166,17/09/2020,30918,32,10,Java,89
socket.io,socketio,50680,17/09/2020,376,18,10,JavaScript,82
FiraCode,tonsky,50586,13/09/2020,94,26,6,Clojure,76
spring-boot,spring-projects,50553,17/09/2020,41,70,8,Java,97
shadowsocks-windows,shadowsocks,50449,17/09/2020,224,47,7,C#,98
Chart.js,chartjs,50306,16/09/2020,1731,46,7,JavaScript,93
express,expressjs,50138,17/09/2020,211,141,11,JavaScript,97
keras,keras-team,49758,15/09/2020,2403,23,5,Python,70
json-server,typicode,49544,16/09/2020,92,7,7,JavaScript,45
Apollo-11,chrislgarry,49013,16/09/2020,246,0,6,Assembly,76
awesome-selfhosted,awesome-selfhosted,48491,15/09/2020,1358,0,5,JavaScript,86
Semantic-UI,Semantic-Org,48464,05/08/2020,351,153,7,JavaScript,85
netdata,netdata,48416,17/09/2020,3697,37,7,C,89
opencv,opencv,48335,17/09/2020,8953,46,8,C++,74
rust,rust-lang,48282,17/09/2020,30424,80,10,Rust,84
markdown-here,adam-p,48239,16/07/2020,20,11,8,JavaScript,54
httpie,httpie,48086,22/08/2020,128,34,8,Python,82
interviews,kdn251,47698,17/08/2020,42,0,3,Java,39
architect-awesome,xingshaocheng,47447,25/08/2020,49,0,2,Não Informado,30
advanced-java,doocs,47347,17/09/2020,56,0,2,Java,88
element,ElemeFE,47279,17/09/2020,3063,128,4,Vue,90
gatsby,gatsbyjs,46916,17/09/2020,12837,74,5,JavaScript,95
realworld,gothinkster,46847,13/09/2020,133,0,4,JavaScript,42
html5-boilerplate,h5bp,46771,16/09/2020,392,32,10,JavaScript,100
hugo,gohugoio,46670,17/09/2020,1187,136,7,Go,90
awesome-machine-learning,josephmisiti,46549,17/09/2020,608,0,6,Python,98
lodash,lodash,46521,13/09/2020,569,2,8,JavaScript,97
rails,rails,46492,17/09/2020,17221,26,12,Ruby,97
resume.github.com,resume,46167,14/09/2020,84,0,9,JavaScript,65
Front-end-Developer-Interview-Questions,h5bp,46057,09/09/2020,334,0,8,HTML,96
redis,redis,45215,17/09/2020,1281,3,11,C,61
bitcoin,bitcoin,45144,17/09/2020,9250,33,10,C++,90
moment,moment,44902,17/09/2020,694,0,9,JavaScript,98
tech-interview-handbook,yangshun,44900,10/09/2020,118,0,4,JavaScript,65
ansible,ansible,44773,17/09/2020,32080,3,8,Python,95
nvm,nvm-sh,44085,17/09/2020,567,53,10,Shell,83
protobuf,protocolbuffers,43757,17/09/2020,2735,56,6,C++,76
requests,psf,43519,11/09/2020,1346,0,9,Python,93
nocode,kelseyhightower,43466,10/09/2020,1,1,2,Dockerfile,12
RxJava,ReactiveX,43446,12/09/2020,2897,200,7,Java,100
papers-we-love,papers-we-love,42998,16/09/2020,382,0,7,Shell,92
incubator-echarts,apache,42890,17/09/2020,547,75,7,JavaScript,87
Front-End-Checklist,thedaviddias,42820,16/09/2020,155,1,3,Não Informado,98
every-programmer-should-know,mtdvio,42614,14/09/2020,83,0,3,Não Informado,55
scikit-learn,scikit-learn,42306,17/09/2020,6755,20,10,Python,80
meteor,meteor,41947,17/09/2020,1240,0,8,JavaScript,99
pytorch,pytorch,41864,17/09/2020,4204,28,4,C++,69
ionic-framework,ionic-team,41757,17/09/2020,2494,211,7,TypeScript,96
gin,gin-gonic,41713,17/09/2020,645,13,6,Go,83
react-router,ReactTraining,41656,17/09/2020,1179,153,6,JavaScript,99
jekyll,jekyll,41253,17/09/2020,2817,98,12,Ruby,98
bulma,jgthms,41144,16/09/2020,526,13,4,CSS,89
mall,macrozheng,41042,17/09/2020,0,1,2,Java,96
material-design-icons,google,40999,10/09/2020,28,16,6,Não Informado,36
awesome-public-datasets,awesomedata,40961,03/09/2020,187,0,6,Não Informado,50
DeepLearning-500-questions,scutan90,40735,15/09/2020,297,0,2,JavaScript,49
normalize.css,necolas,40582,16/09/2020,56,0,9,CSS,95
Awesome-Hacking,Hack-with-Github,40569,23/08/2020,21,0,4,Não Informado,0
hacker-scripts,NARKOZ,39419,07/09/2020,62,0,5,JavaScript,46
spring-framework,spring-projects,39292,17/09/2020,586,188,10,Java,96
clean-code-javascript,ryanmcdermott,39181,06/09/2020,141,0,4,JavaScript,64
awesome-mac,jaywcjlove,39141,05/09/2020,484,0,4,JavaScript,79
awesome-react,enaqx,39088,16/09/2020,705,0,6,Não Informado,90
frp,fatedier,39080,15/09/2020,259,54,5,Go,95
yarn,yarnpkg,38992,16/09/2020,1651,140,4,JavaScript,63
TensorFlow-Examples,aymericdamien,38815,06/09/2020,84,0,5,Jupyter Notebook,30
awesome-android-ui,wasabeef,38785,11/09/2020,60,0,6,Não Informado,0
guava,google,38780,17/09/2020,250,29,6,Java,79
free-for-dev,ripienaar,38592,17/09/2020,1222,0,5,HTML,0
neovim,neovim,38540,17/09/2020,4444,21,6,Vim script,83
scrapy,scrapy,38284,17/09/2020,1575,17,10,Python,80
okhttp,square,38244,16/09/2020,2449,0,8,Java,98
awesome-nodejs,sindresorhus,38074,14/09/2020,359,0,6,Não Informado,100
materialize,Dogfalo,38006,13/09/2020,449,41,6,JavaScript,88
big-list-of-naughty-strings,minimaxir,37961,02/08/2020,89,0,5,Python,36
prettier,prettier,37693,17/09/2020,3901,70,4,JavaScript,86
babel,babel,37428,17/09/2020,3604,217,6,JavaScript,91
serverless,serverless,37399,17/09/2020,2947,189,5,JavaScript,83
scrcpy,Genymobile,37391,17/09/2020,23,20,3,C,71
architecture-samples,android,37337,15/09/2020,172,0,4,Kotlin,70
project-based-learning,tuvtran,37284,08/09/2020,125,0,3,Não Informado,52
nw.js,nwjs,37220,15/09/2020,561,0,8,JavaScript,89
grafana,grafana,37204,17/09/2020,8299,190,7,TypeScript,84
PowerToys,microsoft,37133,17/09/2020,1475,21,1,C++,72
svelte,sveltejs,37040,17/09/2020,1802,0,4,JavaScript,85
anime,juliangarnier,36782,24/07/2020,66,13,4,JavaScript,79
freecodecamp.cn,FreeCodeCampChina,36760,04/09/2020,55,0,4,CSS,76
parcel,parcel-bundler,36699,17/09/2020,1301,1,3,JavaScript,83
retrofit,square,36562,15/09/2020,714,27,10,Java,96
leetcode,azl397985856,36462,16/09/2020,188,23,2,JavaScript,91
tesseract,tesseract-ocr,36376,10/09/2020,1034,8,6,C++,84
face_recognition,ageitgey,36271,17/09/2020,75,2,3,Python,50
AdminLTE,ColorlibHQ,36157,16/09/2020,429,68,7,JavaScript,97
learn-regex,ziishaned,36131,29/08/2020,104,0,3,Não Informado,46
awesome-interview-questions,MaximAbramchuck,36107,03/09/2020,138,0,5,Não Informado,63
impress.js,impress,35881,13/09/2020,93,14,9,JavaScript,90
awesome-ios,vsouza,35665,16/09/2020,2126,0,6,Swift,100
build-web-application-with-golang,astaxie,35632,09/08/2020,730,0,8,Go,61
x64dbg,x64dbg,35560,17/09/2020,462,3,5,C++,78
core,home-assistant,35491,17/09/2020,19597,644,7,Python,94
gogs,gogs,35403,16/09/2020,1125,58,6,Go,85
node-v0.x-archive,nodejs,35055,04/04/2018,218,0,11,Não Informado,92
code-server,cdr,35038,15/09/2020,250,47,1,TypeScript,90
v2ray-core,v2ray,34987,17/09/2020,197,245,5,Go,95
you-get,soimort,34966,15/09/2020,515,105,8,Python,0
awesome-courses,prakhar1989,34930,21/05/2020,183,0,6,Não Informado,58
Ghost,TryGhost,34887,17/09/2020,4930,353,7,JavaScript,99
vue2-elm,bailicangdu,34430,01/09/2020,20,0,4,Vue,84
Alamofire,Alamofire,34361,02/09/2020,465,81,6,Swift,99
hyper,vercel,34122,17/09/2020,1409,64,4,TypeScript,77
git,git,34121,17/09/2020,2,0,12,C,0
git-flight-rules,k88hudson,33878,12/09/2020,200,0,6,Não Informado,79
transformers,huggingface,33795,17/09/2020,2185,34,2,Python,88
Best-websites-a-programmer-should-visit,sdmg15,33787,10/09/2020,240,0,3,Não Informado,98
the-book-of-secret-knowledge,trimstray,33739,08/09/2020,91,0,2,Não Informado,92
dubbo,apache,33552,17/09/2020,1698,27,8,Java,84
HelloGitHub,521xueweihan,33545,28/08/2020,12,9,4,Python,99
cpython,python,33531,17/09/2020,17772,0,3,Python,0
kotlin,JetBrains,33382,17/09/2020,1530,147,8,Kotlin,0
godot,godotengine,33285,17/09/2020,13245,28,6,C++,80
pm2,Unitech,33199,08/09/2020,497,107,7,JavaScript,94
33-js-concepts,leonardomso,33152,13/09/2020,95,0,2,JavaScript,92
syncthing,syncthing,33000,17/09/2020,1611,224,7,Go,94
AFNetworking,AFNetworking,32947,11/09/2020,703,40,9,Objective-C,99
prometheus,prometheus,32923,17/09/2020,3327,157,8,Go,93
awesome-wechat-weapp,justjavac,32805,17/09/2020,233,0,4,Não Informado,0
etcd,etcd-io,32800,17/09/2020,6014,191,7,Go,96
shadowsocks,shadowsocks,32779,06/11/2019,70,2,8,Python,0
jest,facebook,32462,17/09/2020,3742,112,7,TypeScript,81
faceswap,deepfakes,32387,06/09/2020,309,3,3,Python,97
pdf.js,mozilla,32151,17/09/2020,4484,34,9,JavaScript,91
mermaid,mermaid-js,32030,17/09/2020,465,54,6,JavaScript,78
brackets,adobe,31913,04/08/2020,4332,69,9,JavaScript,73
gulp,gulpjs,31905,24/08/2020,386,22,7,JavaScript,99
fzf,junegunn,31810,17/09/2020,243,0,7,Go,89
MPAndroidChart,PhilJay,31708,16/09/2020,189,44,6,Java,62
material-design-lite,google,31670,26/08/2020,655,14,5,HTML,84
Projects,karan,31593,23/08/2020,19,0,7,Não Informado,52
algorithm-visualizer,algorithm-visualizer,31593,04/09/2020,178,0,4,JavaScript,84
discourse,discourse,31514,17/09/2020,8551,0,7,Ruby,0
hexo,hexojs,31288,17/09/2020,692,99,8,JavaScript,98
slate,slatedocs,31143,17/09/2020,213,19,7,CSS,96
styled-components,styled-components,30895,15/09/2020,770,106,4,JavaScript,94
awesome-flutter,Solido,30888,16/09/2020,345,0,3,Dart,0
caffe,BVLC,30850,04/08/2020,1087,14,7,C++,82
jQuery-File-Upload,blueimp,30821,17/09/2020,115,0,10,PHP,99
fullPage.js,alvarotrigo,30791,07/09/2020,261,67,7,JavaScript,96
hackathon-starter,sahat,30768,10/09/2020,292,13,7,JavaScript,97
traefik,traefik,30762,17/09/2020,2777,307,5,Go,87
github-cheat-sheet,tiimgreen,30716,14/08/2020,125,0,6,Não Informado,93
pixi.js,pixijs,30611,16/09/2020,1909,113,7,TypeScript,98
app-ideas,florinpop17,30582,13/09/2020,149,0,1,Não Informado,77
XX-Net,XX-net,30319,01/09/2020,359,307,5,Python,40
nuxt.js,nuxt,30245,17/09/2020,1981,134,4,JavaScript,94
shadowsocks-android,shadowsocks,30244,15/09/2020,228,167,8,Kotlin,99
nest,nestjs,30233,16/09/2020,2047,53,3,TypeScript,97
immutable-js,immutable-js,30207,09/09/2020,379,57,6,JavaScript,87
android-open-project,Trinea,30175,18/08/2020,201,0,6,Não Informado,85
100-Days-Of-ML-Code,Avik-Jain,30129,15/07/2020,6,0,2,Não Informado,0
incubator-superset,apache,30097,17/09/2020,4764,14,5,Python,94
caddy,caddyserver,30050,17/09/2020,1049,75,5,Go,97
Java,TheAlgorithms,30008,17/09/2020,463,0,4,Java,77
DefinitelyTyped,DefinitelyTyped,29931,17/09/2020,34085,1,8,TypeScript,50
koa,koajs,29900,10/09/2020,391,0,7,JavaScript,98
chinese-poetry,chinese-poetry,29894,14/09/2020,81,1,4,JavaScript,59
glide,bumptech,29883,16/09/2020,347,35,7,Java,96
fastlane,fastlane,29779,17/09/2020,5161,459,6,Ruby,99
lottie-android,airbnb,29691,16/09/2020,380,26,4,Java,97
deeplearningbook-chinese,exacity,29610,03/12/2019,16,7,4,TeX,73
video.js,videojs,29471,11/09/2020,1300,219,10,JavaScript,95
huginn,huginn,29450,16/09/2020,892,0,7,Ruby,77
julia,JuliaLang,29330,17/09/2020,15135,92,9,Julia,83
dayjs,iamkun,29245,17/09/2020,447,87,2,JavaScript,84
clipboard.js,zenorocha,29218,10/09/2020,67,37,5,JavaScript,97
design-patterns-for-humans,kamranahmedse,29180,19/08/2020,47,0,3,Não Informado,86
strapi,strapi,29045,17/09/2020,2536,147,5,JavaScript,94
Leaflet,Leaflet,28974,17/09/2020,2086,22,10,JavaScript,91
interview_internal_reference,0voice,28886,14/07/2020,35,0,1,Python,47
foundation-sites,foundation,28772,04/09/2020,2913,71,9,HTML,97
12306,testerSunshine,28688,08/09/2020,31,1,3,Python,71
CppCoreGuidelines,isocpp,28509,08/09/2020,656,4,5,Python,83
ShadowsocksX-NG,shadowsocks,28437,14/07/2020,58,26,4,Swift,81
tldr,tldr-pages,28422,17/09/2020,3253,0,7,Shell,87
Deep-Learning-Papers-Reading-Roadmap,floodsung,28338,22/07/2020,22,0,4,Python,7
Rocket.Chat,RocketChat,28284,17/09/2020,5925,400,5,JavaScript,84
php-src,php,28219,17/09/2020,636,0,9,C,0
phaser,photonstorm,28150,17/09/2020,1309,100,7,JavaScript,96
awesome-react-native,jondot,28077,11/09/2020,864,0,5,JavaScript,61
AndroidUtilCode,Blankj,27906,10/09/2020,68,115,4,Java,97
phantomjs,ariya,27869,14/07/2020,562,0,10,C++,100
es6features,lukehoban,27837,13/07/2019,41,0,6,Não Informado,65
legacy-homebrew,Homebrew,27678,19/07/2020,222,0,11,Não Informado,100
backbone,jashkenas,27666,19/05/2020,851,0,10,JavaScript,98
quill,quilljs,27638,04/09/2020,200,82,8,JavaScript,67
frontend-dev-bookmarks,dypsilon,27626,18/08/2020,129,1,7,Não Informado,83
vuetify,vuetifyjs,27591,17/09/2020,2328,358,4,TypeScript,86
grpc,grpc,27562,17/09/2020,12134,154,6,C++,95
tailwindcss,tailwindlabs,27527,15/09/2020,714,100,3,CSS,99
spark,apache,27490,17/09/2020,4,0,6,Scala,0
awesome-cpp,fffaraz,27347,15/09/2020,407,0,6,Não Informado,32
HEAD,joshbuchea,27321,01/09/2020,83,0,4,Não Informado,87
awesome-scalability,binhnguyennus,27311,12/09/2020,22,0,3,Não Informado,0
ijkplayer,bilibili,27309,15/09/2020,29,0,7,C,50
og-aws,open-guides,27291,28/08/2020,474,0,4,Shell,39
what-happens-when,alex,27179,26/08/2020,105,0,7,Não Informado,19
certbot,certbot,27166,17/09/2020,3005,10,6,Python,90
preact,preactjs,27145,16/09/2020,939,135,5,JavaScript,91
gold-miner,xitu,27121,17/09/2020,2589,0,5,Não Informado,99
android_guides,codepath,26971,16/08/2020,9,0,7,Não Informado,58
taro,NervJS,26924,17/09/2020,1102,42,2,JavaScript,89
kong,Kong,26892,17/09/2020,2175,90,6,Lua,89
AiLearning,apachecn,26883,14/09/2020,461,2,3,Python,62
todomvc,tastejs,26856,07/09/2020,714,5,9,JavaScript,84
SecLists,danielmiessler,26813,17/09/2020,295,10,8,PHP,91
go-ethereum,ethereum,26746,17/09/2020,4046,134,7,Go,97
async,caolan,26724,18/08/2020,410,7,10,JavaScript,100
awesome-awesomeness,bayandin,26582,06/09/2020,173,0,6,Ruby,88
pandas,pandas-dev,26565,17/09/2020,12941,64,10,Python,82
ant-design-pro,ant-design,26506,12/09/2020,796,19,3,TypeScript,99
localstack,localstack,26435,17/09/2020,1036,18,4,Python,86
vue-cli,vuejs,26336,17/09/2020,1012,135,5,JavaScript,89
react-boilerplate,react-boilerplate,26301,05/09/2020,715,16,5,JavaScript,98
wrk,wg,26214,25/05/2020,0,0,8,C,70
zxing,zxing,26198,14/09/2020,157,26,9,Java,99
awesome-java,akullpp,26107,10/09/2020,548,0,6,Não Informado,96
sentry,getsentry,26085,17/09/2020,14978,60,10,Python,76
slick,kenwheeler,26058,08/09/2020,235,48,6,JavaScript,69
python-patterns,faif,25855,17/08/2020,234,0,8,Python,85
front-end-interview-handbook,yangshun,25848,11/09/2020,163,0,2,JavaScript,78
trackerslist,ngosang,25771,17/09/2020,1,0,4,Não Informado,99
mkcert,FiloSottile,25740,13/09/2020,42,11,2,Go,74
programmer-job-blacklist,shengxinjing,25662,03/07/2020,16,0,4,Shell,58
new-pac,Alvin9999,25588,21/07/2020,0,0,4,Não Informado,77
proxyee-down,proxyee-down-org,25560,11/08/2020,16,49,3,Java,0
uni-app,dcloudio,25531,17/09/2020,133,0,2,JavaScript,71
underscore,jashkenas,25528,29/08/2020,711,0,11,JavaScript,98
PythonDataScienceHandbook,jakevdp,25497,07/09/2020,28,0,4,Jupyter Notebook,39
500lines,aosabook,25473,04/09/2020,175,0,7,JavaScript,59
butterknife,JakeWharton,25449,04/09/2020,346,0,7,Java,92
manim,3b1b,25411,30/08/2020,348,0,5,Python,65
styleguide,google,25402,17/09/2020,118,0,5,HTML,36
carbon,carbon-app,25292,17/09/2020,507,186,3,JavaScript,96
pure-bash-bible,dylanaraps,25262,19/02/2020,26,0,2,Shell,54
leakcanary,square,25259,17/09/2020,637,24,5,Kotlin,97
alacritty,alacritty,25256,16/09/2020,1067,40,4,Rust,87
JCSprout,crossoverJie,25241,18/05/2020,69,0,3,Java,66
faker.js,Marak,25103,17/09/2020,250,0,10,JavaScript,65
tidb,pingcap,25096,17/09/2020,12437,109,5,Go,71
pi-hole,pi-hole,25021,17/09/2020,1131,61,6,Shell,92
GitHub-Chinese-Top-Charts,kon9chunkit,24985,10/09/2020,0,0,1,Java,36
weui,Tencent,24983,17/06/2020,165,19,6,CSS,96
bert,google-research,24888,04/09/2020,32,0,2,Python,33
beego,astaxie,24881,17/09/2020,868,6,8,Go,75
iina,iina,24838,09/09/2020,370,33,4,Swift,64
request,request,24806,03/09/2020,650,0,9,JavaScript,94
swiper,nolimits4web,24793,08/09/2020,252,0,8,JavaScript,95
basics,madewithml,24783,03/07/2020,138,0,2,Jupyter Notebook,100
vuex,vuejs,24746,04/09/2020,583,43,5,JavaScript,96
open-source-ios-apps,dkhamsing,24740,17/09/2020,575,34,5,Swift,100
netty,netty,24735,17/09/2020,1558,0,10,Java,92
Faker,fzaninotto,24687,14/09/2020,795,11,9,PHP,87
nativefier,jiahaog,24677,29/08/2020,143,42,5,TypeScript,79
select2,select2,24640,17/09/2020,664,28,8,JavaScript,99
formik,formium,24602,17/09/2020,641,133,3,TypeScript,65
nylas-mail,nylas,24546,20/10/2019,139,53,6,JavaScript,71
Modernizr,Modernizr,24532,12/09/2020,760,18,11,JavaScript,89
lerna,lerna,24518,10/09/2020,579,168,5,JavaScript,75
funNLP,fighting41love,24503,29/08/2020,9,0,2,Python,81
istio,istio,24388,17/09/2020,11921,159,4,Go,91
hangzhou_house_knowledge,houshanren,24364,13/12/2019,4,0,2,CSS,0
standard,standard,24314,06/09/2020,293,4,5,JavaScript,88
gitflow,nvie,24301,13/11/2019,36,0,10,Shell,35
machine-learning-for-software-engineers,ZuzooVn,24246,12/06/2020,53,0,4,Não Informado,19
angular-styleguide,johnpapa,24169,12/09/2019,331,0,6,Não Informado,85
awesome-php,ziadoz,24157,11/09/2020,363,0,7,Não Informado,97
jieba,fxsjy,24122,24/07/2020,96,9,8,Python,27
COVID-19,CSSEGISandData,24080,17/09/2020,137,0,0,Não Informado,48
rethinkdb,rethinkdb,24024,12/09/2020,378,69,8,C++,78
dotfiles,mathiasbynens,23999,14/09/2020,44,0,9,Shell,65
fetch,github,23988,10/09/2020,136,34,6,JavaScript,100
awesome-macos-command-line,herrbischoff,23900,01/09/2020,100,0,5,Não Informado,0
symfony,symfony,23892,17/09/2020,14991,252,10,PHP,95
minio,minio,23880,17/09/2020,5324,192,5,Go,99
devdocs,freeCodeCamp,23860,14/09/2020,129,0,7,Ruby,85
composer,composer,23796,17/09/2020,2068,86,9,PHP,94
angular-cli,angular,23771,17/09/2020,4839,315,5,TypeScript,96
terraform,hashicorp,23769,17/09/2020,8451,129,6,Go,92
awesome-react-components,brillout,23747,08/09/2020,162,0,4,Não Informado,100
nerd-fonts,ryanoasis,23660,16/09/2020,112,20,6,CSS,60
Detectron,facebookresearch,23654,20/08/2020,0,0,3,Python,68
spring-boot-examples,ityouknow,23613,17/09/2020,5,0,4,Java,98
swift-algorithm-club,raywenderlich,23573,12/09/2020,605,0,4,Swift,93
date-fns,date-fns,23563,17/09/2020,660,82,6,JavaScript,81
hoppscotch,hoppscotch,23560,17/09/2020,595,8,1,Vue,94
imgui,ocornut,23550,17/09/2020,247,67,6,C++,85
iview,iview,23516,09/09/2020,526,85,4,Vue,81
open-source-mac-os-apps,serhii-londar,23428,11/09/2020,375,0,3,Swift,86
jadx,skylot,23390,17/09/2020,216,13,7,Java,82
rclone,rclone,23371,17/09/2020,759,70,6,Go,81
Charts,danielgindi,23304,10/09/2020,370,31,5,Swift,85
marked,markedjs,23282,11/09/2020,369,23,9,JavaScript,92
Hover,IanLunn,23267,16/07/2020,22,10,6,CSS,82
p3c,alibaba,23194,28/08/2020,54,0,3,Kotlin,90
postcss,postcss,23156,17/09/2020,583,160,7,TypeScript,99
cypress,cypress-io,23136,17/09/2020,1743,215,5,JavaScript,80
uppy,transloadit,23065,17/09/2020,1166,24,5,JavaScript,90
brew,Homebrew,23014,17/09/2020,5174,159,4,Ruby,100
arthas,alibaba,23015,16/09/2020,289,25,2,Java,89
SDWebImage,SDWebImage,23012,11/09/2020,742,90,11,Objective-C,99
project-guidelines,elsewhencode,22994,16/09/2020,103,0,3,JavaScript,67
the-way-to-go_ZH_CN,unknwon,22982,06/09/2020,531,0,7,Go,0
awesome-for-beginners,MunGell,22974,16/09/2020,271,0,5,Não Informado,100
kubernetes-the-hard-way,kelseyhightower,22952,15/09/2020,68,0,4,Não Informado,89
CodeHub,CodeHubApp,22947,13/06/2020,13,4,7,C#,64
rxjs,ReactiveX,22913,17/09/2020,1868,0,5,TypeScript,88
gitbook,GitbookIO,22889,07/07/2020,214,0,6,JavaScript,0
Motrix,agalwood,22857,30/08/2020,100,10,2,JavaScript,61
tutorials,eugenp,22848,17/09/2020,6845,0,7,Java,95
EventBus,greenrobot,22846,04/03/2020,29,5,8,Java,82
sequelize,sequelize,22829,16/09/2020,2664,347,10,JavaScript,90
libpku,lib-pku,22822,28/06/2020,22,0,2,TeX,91
sheetjs,SheetJS,22743,14/09/2020,74,0,8,JavaScript,80
javascript-questions,lydiahallie,22733,17/09/2020,196,0,1,Não Informado,87
bat,sharkdp,22692,14/09/2020,461,26,2,Rust,90
vimrc,amix,22662,19/08/2020,72,0,8,Vim script,98
webtorrent,webtorrent,22595,10/09/2020,400,0,7,JavaScript,88
cheerio,cheeriojs,22578,14/09/2020,322,2,9,JavaScript,79
ResumeSample,geekcompany,22528,23/11/2019,2,0,6,Não Informado,0
particles.js,VincentGarreau,22517,03/09/2020,21,6,6,JavaScript,23
mobx,mobxjs,22437,17/09/2020,752,2,5,JavaScript,99
layui,sentsin,22409,29/08/2020,31,39,5,JavaScript,15
fastjson,alibaba,22381,17/09/2020,353,79,9,Java,51
gitlabhq,gitlabhq,22338,17/09/2020,2227,0,9,Ruby,0
apollo,ctripcorp,22282,16/09/2020,923,27,4,Java,92
metabase,metabase,22214,17/09/2020,4839,122,5,Clojure,77
druid,alibaba,22195,17/09/2020,884,36,9,Java,38
dive,wagoodman,22195,14/09/2020,106,23,2,Go,69
ghidra,NationalSecurityAgency,22189,17/09/2020,161,0,1,Java,56
gym,openai,22167,13/09/2020,551,5,4,Python,88
chosen,harvesthq,22157,17/01/2020,309,34,9,HTML,90
PowerShell,PowerShell,22125,17/09/2020,4386,80,4,C#,68
framework,laravel,22084,17/09/2020,10124,299,7,PHP,100
ace,ajaxorg,22056,17/09/2020,1354,0,10,JavaScript,73
tesseract.js,naptha,22053,15/09/2020,74,31,5,JavaScript,89
flutter-go,alibaba,22006,25/08/2020,158,4,1,Dart,48
955.WLB,formulahendry,21997,11/08/2020,15,0,1,Não Informado,31
lottie-web,airbnb,21987,07/09/2020,78,0,5,JavaScript,75
awesome-deep-learning-papers,terryum,21961,27/08/2020,39,0,4,TeX,44
tabler,tabler,21930,14/09/2020,151,7,2,HTML,78
mastodon,tootsuite,21831,17/09/2020,7758,144,4,Ruby,71
YouCompleteMe,ycm-core,21822,16/09/2020,650,0,8,Python,99
obs-studio,obsproject,21777,17/09/2020,1595,119,7,C,74
Probabilistic-Programming-and-Bayesian-Methods-for-Hackers,CamDavidsonPilon,21767,17/09/2020,235,0,7,Jupyter Notebook,40
drone,drone,21740,15/09/2020,836,0,6,Go,98
leveldb,google,21708,21/08/2020,29,20,6,C++,81
linux-insides,0xAX,21708,12/09/2020,502,0,5,Python,77
uBlock,gorhill,21703,16/09/2020,122,169,5,JavaScript,98
hammer.js,hammerjs,21700,03/01/2020,114,0,8,JavaScript,74
Vundle.vim,VundleVim,21661,13/07/2020,86,0,10,Vim script,77
fastText,facebookresearch,21646,17/09/2020,7,4,4,HTML,65
nprogress,rstacruz,21618,28/08/2020,34,7,7,JavaScript,35
ripgrep,BurntSushi,21602,13/09/2020,374,65,4,Rust,95
streisand,StreisandEffect,21602,06/09/2020,527,0,6,Shell,83
python-guide,realpython,21594,16/09/2020,659,0,9,Batchfile,67
monaco-editor,microsoft,21579,17/09/2020,82,0,4,JavaScript,79
html2canvas,niklasvh,21577,14/09/2020,117,28,9,TypeScript,67
metasploit-framework,rapid7,21550,17/09/2020,8029,0,9,Ruby,81
ember.js,emberjs,21547,17/09/2020,7251,346,9,JavaScript,96
wtfpython,satwikkansal,21536,17/09/2020,74,2,3,Python,78
sails,balderdashy,21534,08/09/2020,505,39,8,JavaScript,94
SmartRefreshLayout,scwang90,21483,05/08/2020,6,8,3,Java,92
cmder,cmderdev,21477,13/09/2020,315,27,7,C++,99
mongoose,Automattic,21476,17/09/2020,1173,5,10,JavaScript,96
polymer,Polymer,21452,17/08/2020,1061,115,8,HTML,94
shellcheck,koalaman,21344,09/09/2020,222,25,8,Haskell,66
vim,vim,21340,17/09/2020,3,0,5,Vim script,77
ngx-admin,akveo,21316,17/09/2020,297,16,4,TypeScript,80
nodemon,remy,21236,17/09/2020,260,70,10,JavaScript,99
gitea,go-gitea,21229,17/09/2020,5867,97,4,Go,79
FFmpeg,FFmpeg,21191,17/09/2020,15,11,9,C,0
CodeMirror,codemirror,21108,17/09/2020,419,134,9,JavaScript,90
devise,heartcombo,21099,01/09/2020,730,14,11,Ruby,98
pure,pure-css,21071,24/08/2020,137,19,7,JavaScript,99
blog,fouber,21068,12/11/2019,1,0,6,Não Informado,15
handson-ml,ageron,21044,21/08/2020,46,0,4,Jupyter Notebook,78
fastapi,tiangolo,21014,17/09/2020,449,96,2,Python,78
awesome-javascript,sorrycc,20994,17/09/2020,303,0,6,Não Informado,75
sweetalert,t4t5,20971,23/05/2020,82,13,6,TypeScript,81
pipenv,pypa,20963,11/09/2020,979,12,3,Python,87
Sortable,SortableJS,20958,17/09/2020,225,21,7,JavaScript,81
react-select,JedWatson,20931,15/09/2020,821,12,6,JavaScript,90
aria2,aria2,20922,08/09/2020,194,22,10,C++,47
flow,facebook,20920,17/09/2020,158,184,6,OCaml,62
typeorm,typeorm,20895,17/09/2020,1041,0,4,TypeScript,61
the_silver_searcher,ggreer,20878,30/08/2020,398,0,9,C,52
redux-saga,redux-saga,20854,10/09/2020,624,50,5,JavaScript,87
ItChat,littlecodersh,20814,19/03/2020,29,13,4,Python,73
interactive-coding-challenges,donnemartin,20802,05/08/2020,176,0,5,Python,54
awesome-sysadmin,kahun,20796,06/09/2020,183,0,6,Não Informado,22
gorm,go-gorm,20744,17/09/2020,353,1,7,Go,100
BaseRecyclerViewAdapterHelper,CymChad,20739,31/08/2020,190,191,4,Java,92
lighthouse,GoogleChrome,20731,17/09/2020,3301,59,4,JavaScript,94
HanLP,hankcs,20728,03/09/2020,62,50,6,Python,99
react-beautiful-dnd,atlassian,20728,10/09/2020,470,66,3,JavaScript,76
pyenv,pyenv,20716,17/09/2020,419,28,8,Shell,82
compose,docker,20681,17/09/2020,1924,138,7,Python,92
wepy,Tencent,20658,04/09/2020,424,8,4,JavaScript,85
vagrant,hashicorp,20616,17/09/2020,2278,0,10,Ruby,96
spacemacs,syl20bnr,20611,17/09/2020,728,158,8,Emacs Lisp,91
vim-plug,junegunn,20511,08/09/2020,151,4,7,Vim script,95
octotree,ovity,20503,14/09/2020,249,0,6,Não Informado,94
Daily-Interview-Question,Advanced-Frontend,20486,27/05/2020,14,0,1,JavaScript,59
Awesome-Design-Tools,goabstract,20452,12/09/2020,282,0,1,JavaScript,100
lottie-ios,airbnb,20367,14/09/2020,308,39,4,Swift,81
PhotoSwipe,dimsemenov,20366,08/09/2020,49,11,9,JavaScript,67
react-starter-kit,kriasoft,20349,11/09/2020,482,5,6,JavaScript,62
awesome-electron,sindresorhus,20341,14/09/2020,236,0,5,Não Informado,80
husky,typicode,20312,17/09/2020,140,34,6,JavaScript,72
json,nlohmann,20304,02/09/2020,397,34,7,C++,99
pandoc,jgm,20304,17/09/2020,1040,81,10,Haskell,88
components,angular,20296,17/09/2020,7556,153,4,TypeScript,85
Hystrix,Netflix,20290,04/07/2020,672,79,8,Java,67
hub,github,20252,24/08/2020,393,60,11,Go,89
modern-js-cheatsheet,mbeaudru,20205,07/05/2020,80,0,3,Não Informado,86
calculator,microsoft,20194,17/09/2020,566,0,1,C++,77
bootstrap-material-design,FezVrasta,20192,04/09/2020,193,28,6,CSS,95
fonts,powerline,20185,17/08/2020,72,1,8,Shell,37
consul,hashicorp,20171,17/09/2020,4011,17,7,Go,84
iosched,google,20122,15/09/2020,57,2,6,Kotlin,83
awesome-shell,alebcay,20036,16/09/2020,280,0,6,Não Informado,45
dragula,bevacqua,20027,27/06/2020,57,0,5,JavaScript,61
react-redux,reduxjs,20010,06/09/2020,356,91,5,JavaScript,98
mpvue,Meituan-Dianping,19996,09/09/2020,64,19,2,JavaScript,75
Blog,mqyqingfeng,19975,21/07/2020,3,0,3,Não Informado,45
SwiftyJSON,SwiftyJSON,19961,16/08/2020,213,21,6,Swift,86
react-virtualized,bvaughn,19954,08/09/2020,438,3,5,JavaScript,69
awesome-python-cn,jobbole,19931,29/07/2020,45,0,5,Makefile,80
jsPDF,MrRio,19924,16/09/2020,615,26,11,JavaScript,94
mitmproxy,mitmproxy,19899,11/09/2020,1519,34,10,Python,88
iptv,iptv-org,19892,17/09/2020,1231,0,2,JavaScript,77
guzzle,guzzle,19881,26/08/2020,779,39,9,PHP,86
ReactiveCocoa,ReactiveCocoa,19863,14/09/2020,1338,78,8,Swift,98
pop,facebookarchive,19851,02/01/2020,100,3,6,Objective-C++,83
mocha,mochajs,19802,17/09/2020,1021,55,9,JavaScript,90
design-resources-for-developers,bradtraversy,19802,17/09/2020,403,0,0,Não Informado,100
xgboost,dmlc,19791,17/09/2020,2050,26,6,C++,94
DeepFaceLab,iperov,19787,15/09/2020,31,2,2,Python,80
hosts,googlehosts,19771,26/08/2020,50,0,3,Não Informado,87
dokku,dokku,19737,17/09/2020,1805,166,7,Shell,98
awesome-swift,matteocrippa,19719,13/09/2020,1305,0,6,Swift,100
RxJS,Reactive-Extensions,19713,18/04/2018,520,34,8,JavaScript,74
react-redux-links,markerikson,19707,22/03/2020,58,0,4,Não Informado,61
the-swift-programming-language-in-chinese,SwiftGGTeam,19662,31/08/2020,644,1,6,CSS,98
emscripten,emscripten-core,19614,17/09/2020,5308,0,9,C++,87
English-level-up-tips-for-Chinese,byoungd,19604,09/08/2020,20,0,3,Não Informado,80
upterm,railsware,19573,20/05/2019,293,187,5,TypeScript,71
influxdb,influxdata,19570,17/09/2020,7715,42,7,Go,90
pug,pugjs,19550,09/07/2020,492,17,10,JavaScript,91
gentelella,ColorlibHQ,19534,05/08/2020,161,7,5,HTML,97
intro.js,usablica,19508,07/09/2020,141,18,7,HTML,63
drawio,jgraph,19502,17/09/2020,23,448,4,JavaScript,69
data-science-ipython-notebooks,donnemartin,19492,24/07/2020,31,0,5,Python,74
Real-Time-Voice-Cloning,CorentinJ,19462,16/09/2020,29,0,1,Python,92
GPUImage,BradLarson,19462,15/09/2020,241,3,8,Objective-C,59
ramda,ramda,19459,17/09/2020,1194,24,7,JavaScript,87
fastai,fastai,19456,17/09/2020,1250,5,3,Jupyter Notebook,97
normalizr,paularmstrong,19442,18/08/2020,94,24,6,JavaScript,93
tornado,tornadoweb,19425,14/09/2020,760,0,11,Python,89
vapor,vapor,19403,12/09/2020,916,352,4,Swift,96
The-Art-Of-Programming-By-July,julycoding,19380,27/12/2019,253,0,7,C,65
react-native-elements,react-native-elements,19365,17/09/2020,766,63,4,JavaScript,98
cheat.sh,chubin,19331,16/09/2020,82,0,3,Python,50
waifu2x,nagadomi,19321,18/06/2020,63,3,5,Lua,60
bluebird,petkaantonov,19302,12/09/2020,289,123,7,JavaScript,95
docz,doczjs,19279,08/09/2020,344,126,2,TypeScript,96
security-guide-for-developers,FallibleInc,19255,17/04/2020,26,0,4,Não Informado,33
awesome-remote-job,lukasz-madon,19209,15/09/2020,475,0,5,Não Informado,90
algo,trailofbits,19206,05/09/2020,446,2,4,Python,95
aspnetcore,dotnet,19202,17/09/2020,6026,93,6,C#,86
You-Dont-Need-jQuery,nefe,19201,27/02/2020,158,1,5,JavaScript,88
ngrok,inconshreveable,19191,12/06/2020,34,0,7,Go,61
learnGitBranching,pcottle,19178,16/09/2020,354,0,8,JavaScript,91
profile-summary-for-github,tipsy,19143,22/04/2020,20,0,3,Vue,83
docker-cheat-sheet,wsargent,19139,16/09/2020,128,0,6,Não Informado,81
android-best-practices,futurice,19137,04/05/2020,80,0,6,Não Informado,73
RxAndroid,ReactiveX,19131,11/06/2020,167,18,6,Java,100
acme.sh,acmesh-official,19091,17/09/2020,922,29,5,Shell,70
minikube,kubernetes,19083,17/09/2020,3636,100,4,Go,92
RxSwift,ReactiveX,19079,16/09/2020,683,64,5,Swift,99
docusaurus,facebook,19076,17/09/2020,2014,84,3,TypeScript,85
enzyme,enzymejs,19073,16/09/2020,633,0,5,JavaScript,86
scrollreveal,jlmakes,19051,15/07/2020,32,0,6,JavaScript,97
DesignPatternsPHP,domnikl,19050,02/09/2020,224,0,9,PHP,98
How-to-Make-a-Computer-Operating-System,SamyPesse,19017,06/03/2020,42,1,7,C,38
NativeScript,NativeScript,19007,16/09/2020,2573,69,5,TypeScript,87
iris,kataras,19004,17/09/2020,157,14,4,Go,98
cockroach,cockroachdb,18990,17/09/2020,24299,0,6,Go,88
incubator-mxnet,apache,18987,17/09/2020,7790,22,5,C++,83
Hero,HeroTransitions,18986,15/08/2020,94,35,4,Swift,68
mattermost-server,mattermost,18934,17/09/2020,9214,210,5,Go,91
rollup,rollup,18923,17/09/2020,1157,210,5,JavaScript,91
zju-icicles,QSCTech,18908,16/09/2020,95,0,4,HTML,85
tmux,tmux,18888,16/09/2020,0,30,5,C,100
draft-js,facebook,18884,17/09/2020,212,26,4,JavaScript,59
feather,feathericons,18842,17/09/2020,91,50,6,JavaScript,42
autoprefixer,postcss,18819,15/09/2020,240,156,7,JavaScript,97
react-motion,chenglou,18819,08/09/2020,144,4,5,JavaScript,63
django-rest-framework,encode,18807,17/09/2020,2505,13,9,Python,95
mostly-adequate-guide,MostlyAdequate,18790,03/05/2020,263,0,5,JavaScript,80
react-navigation,react-navigation,18781,17/09/2020,863,540,3,TypeScript,97
darknet,pjreddie,18780,17/09/2020,9,0,6,C,23
os-tutorial,cfenollosa,18756,21/07/2020,11,0,6,C,60
OpenAPI-Specification,OAI,18743,17/09/2020,599,8,6,JavaScript,71
odoo,odoo,18728,17/09/2020,6077,0,6,JavaScript,89
commander.js,tj,18684,16/09/2020,403,47,9,JavaScript,98
JavaFamily,AobingJava,18684,01/09/2020,2,0,1,Não Informado,79
d2l-zh,d2l-ai,18683,09/09/2020,478,10,3,Python,0
Python,geekcomputers,18667,16/09/2020,545,0,9,Python,43
etcher,balena-io,18655,14/09/2020,1558,133,5,TypeScript,83
selenium,SeleniumHQ,18647,17/09/2020,578,27,7,Java,96
graphql-engine,hasura,18644,17/09/2020,1971,78,2,Haskell,66
v,vlang,18615,17/09/2020,2930,25,1,V,76
wtfjs,denysdovhan,18608,02/09/2020,57,0,3,JavaScript,39
Aerial,JohnCoates,18599,13/09/2020,204,135,5,Swift,94
Coursera-ML-AndrewNg-Notes,fengdu78,18591,04/08/2020,9,0,3,HTML,23
es6tutorial,ruanyf,18567,17/09/2020,316,0,6,JavaScript,100
openpose,CMU-Perceptual-Computing-Lab,18566,12/09/2020,130,14,3,C++,97
mongo,mongodb,18560,17/09/2020,114,0,11,C++,0
nightmare,segmentio,18557,26/08/2020,251,1,6,JavaScript,87
slate,ianstormtaylor,18538,17/09/2020,1122,18,4,TypeScript,89
gson,google,18532,13/09/2020,203,0,5,Java,66
web-starter-kit,google,18531,08/09/2020,234,14,6,HTML,92
vhr,lenve,18529,05/09/2020,0,0,2,Java,40
cobra,spf13,18512,16/09/2020,331,8,7,Go,71
fanqiang,bannedbook,18509,14/09/2020,1,12,5,Rich Text Format,62
awesome-docker,veggiemonk,18497,14/09/2020,710,1,6,Não Informado,99
flv.js,bilibili,18456,11/06/2020,16,12,4,JavaScript,48
skrollr,Prinzhorn,18455,23/01/2018,35,0,8,HTML,69
swagger-ui,swagger-api,18446,17/09/2020,1487,162,9,JavaScript,87
js-stack-from-scratch,verekia,18421,29/07/2020,55,1,4,JavaScript,75
nsq,nsqio,18406,16/09/2020,615,29,8,Go,92
faas,openfaas,18397,11/09/2020,619,128,4,Go,91
architecture-components-samples,android,18323,15/09/2020,183,0,3,Kotlin,83
xi-editor,xi-editor,18303,17/09/2020,641,0,4,Rust,76
react-bootstrap,react-bootstrap,18280,17/09/2020,2119,4,7,JavaScript,97
Wox,Wox-launcher,18269,20/08/2020,276,38,7,C#,85
airflow,apache,18265,17/09/2020,5694,18,5,Python,67
vue-devtools,vuejs,18263,08/09/2020,198,35,6,JavaScript,73
ava,avajs,18262,09/09/2020,857,75,6,JavaScript,95
fastclick,ftlabs,18261,08/04/2020,67,3,8,HTML,46
react-spring,pmndrs,18207,17/09/2020,210,4,2,JavaScript,86
sqlmap,sqlmapproject,18175,17/09/2020,117,5,8,Python,99
hiring-without-whiteboards,poteto,18154,09/09/2020,905,0,3,JavaScript,0
material-dialogs,afollestad,18130,03/09/2020,179,92,6,Kotlin,96
echo,labstack,18116,17/09/2020,321,79,5,Go,98
hyperapp,jorgebucaran,18113,17/09/2020,246,26,3,JavaScript,97
curl,curl,18103,17/09/2020,117,47,10,C,99
ipfs,ipfs,18096,28/07/2020,119,0,6,Não Informado,100
plyr,sampotts,18080,30/08/2020,293,69,5,JavaScript,68
pytorch-tutorial,yunjey,18079,24/08/2020,28,0,3,Python,69
CodeIgniter,bcit-ci,18074,15/09/2020,1273,0,9,PHP,98
Dress,komeiji-satori,18072,17/09/2020,386,0,2,Standard ML,73
the-super-tiny-compiler,jamiebuilds,18063,16/03/2020,20,0,4,JavaScript,0
kit,go-kit,18048,16/09/2020,420,10,5,Go,87
project-layout,golang-standards,18034,10/09/2020,22,0,3,Makefile,23
vault,hashicorp,18013,17/09/2020,5253,0,5,Go,84
helm,helm,17994,17/09/2020,2962,123,5,Go,90
passport,jaredhanson,17953,07/08/2020,44,0,9,JavaScript,50
corefx,dotnet,17904,17/09/2020,21728,92,6,Não Informado,0
windows95,felixrieseberg,17883,13/09/2020,15,11,2,TypeScript,58
iTerm2-Color-Schemes,mbadolato,17881,10/09/2020,173,0,9,Shell,79
black,psf,17868,17/09/2020,427,4,2,Python,72
algorithms,keon,17861,29/08/2020,368,0,4,Python,67
monolog,Seldaek,17856,15/09/2020,568,40,9,PHP,96
immer,immerjs,17851,13/09/2020,204,69,3,JavaScript,98
spring-boot-demo,xkcoding,17821,11/09/2020,11,0,3,Java,54
yapi,YMFE,17816,04/09/2020,107,0,4,JavaScript,44
parse-server,parse-community,17816,17/09/2020,2469,77,4,JavaScript,97
popmotion,Popmotion,17815,09/09/2020,290,0,6,JavaScript,97
joplin,laurent22,17810,17/09/2020,751,148,3,JavaScript,93
Masonry,SnapKit,17808,27/08/2020,75,1,7,Objective-C,74
Skeleton,dhg,17804,29/08/2020,25,6,9,CSS,63
architecture.of.internet-product,davideuler,17796,13/04/2019,1,0,2,Não Informado,30
localForage,localForage,17776,17/09/2020,266,25,7,JavaScript,74
awesome-vscode,viatsko,17771,08/09/2020,223,0,4,JavaScript,62
jq,stedolan,17768,21/08/2020,205,9,8,C,69
Mask_RCNN,matterport,17759,11/09/2020,65,3,3,Python,32
rocksdb,facebook,17729,17/09/2020,546,125,8,C++,81
jstraining,ruanyf,17711,11/11/2019,17,0,4,Não Informado,100
python-fire,google,17692,23/08/2020,43,7,3,Python,65
servo,servo,17692,17/09/2020,13637,0,8,Rust,71
neural-style,jcjohnson,17659,23/02/2018,16,0,5,Lua,33
picasso,square,17645,16/09/2020,473,7,7,Java,88
sharp,lovell,17644,17/09/2020,176,29,7,JavaScript,96
weex,alibaba,17556,19/10/2017,1083,6,4,Não Informado,71
homebrew-cask,Homebrew,17430,17/09/2020,69557,81,8,Ruby,99
docker_practice,yeasy,17421,16/09/2020,232,13,6,Go,98
libgdx,libgdx,17410,17/09/2020,2111,4,8,Java,95
SpinKit,tobiasahlin,17404,01/08/2020,51,9,7,CSS,95
react,typescript-cheatsheets,17394,17/09/2020,160,0,2,JavaScript,90
elixir,elixir-lang,17392,17/09/2020,5117,103,9,Elixir,100
vuepress,vuejs,17381,16/09/2020,709,11,2,JavaScript,81
react-native-web,necolas,17324,17/09/2020,22,15,5,JavaScript,95
skill-map,TeamStuQ,17317,28/08/2020,42,2,5,HTML,18
lazygit,jesseduffield,17312,17/09/2020,412,99,2,Go,78
engineering-blogs,kilimchoi,17311,10/09/2020,679,0,5,Ruby,97
ruby,ruby,17299,17/09/2020,853,0,10,Ruby,0
googletest,google,17297,16/09/2020,639,2,5,C++,93
generator-jhipster,jhipster,17288,17/09/2020,5734,4,7,JavaScript,98
redash,getredash,17267,17/09/2020,2506,95,7,JavaScript,80
hello-algorithm,geekxh,17263,14/09/2020,18,0,0,Java,100
seata,seata,17239,17/09/2020,1068,28,2,Java,77
macOS-Security-and-Privacy-Guide,drduh,17226,15/09/2020,130,0,5,Python,98
vux,airyland,17226,04/08/2020,308,78,4,Vue,76
my-mac-os,nikitavoloboev,17216,31/08/2020,14,0,4,Não Informado,97
spaCy,explosion,17211,17/09/2020,1664,68,6,Python,96
npm,npm,17207,07/08/2020,439,261,11,Não Informado,88
reselect,reduxjs,17192,04/08/2020,93,22,5,JavaScript,78
howler.js,goldfire,17185,11/09/2020,115,21,7,JavaScript,82
osquery,osquery,17174,17/09/2020,3433,105,6,C++,83
PhotoView,chrisbanes,17133,09/09/2020,52,5,8,Java,76
Boostnote,BoostIO,17125,17/09/2020,1071,15,4,JavaScript,82
openpilot,commaai,17118,17/09/2020,954,24,4,C++,91
eslint,eslint,17117,16/09/2020,4554,220,7,JavaScript,99
toBeTopJavaer,hollischuang,17114,17/09/2020,30,0,2,Java,65
highlight.js,highlightjs,17059,17/09/2020,914,8,9,JavaScript,97
stackedit,benweet,17057,20/07/2020,35,13,7,JavaScript,63
ChromeAppHeroes,zhaoolee,17055,14/09/2020,7,0,1,JavaScript,75
vue-router,vuejs,17029,16/09/2020,530,73,7,JavaScript,97
apollo,ApolloAuto,17014,17/09/2020,8990,8,3,C++,79
NeteaseCloudMusicApi,Binaryify,16985,17/09/2020,90,95,4,JavaScript,96
idiomatic.js,rwaldron,16978,02/07/2020,108,0,9,Não Informado,58
awesome-rust,rust-unofficial,16971,17/09/2020,802,0,6,Rust,84
easyexcel,alibaba,16933,14/09/2020,47,1,2,Java,96
prisma1,prisma,16926,15/09/2020,1319,181,4,Scala,85
gfwlist,gfwlist,16924,19/07/2020,0,0,5,Não Informado,74
hosts,kelthuzadx,16914,22/07/2018,286,2,6,Rascal,100
miaosha,qiurunze123,16882,09/09/2020,8,0,2,Java,60
kafka,apache,16879,17/09/2020,3327,0,9,Java,0
CNTK,microsoft,16866,08/09/2020,257,32,5,C++,77
SnapKit,SnapKit,16837,10/07/2020,111,11,6,Swift,86
flux,facebook,16836,10/09/2020,158,0,6,JavaScript,94
marktext,marktext,16824,16/09/2020,768,31,3,JavaScript,74
glances,nicolargo,16808,14/09/2020,370,20,9,Python,85
fabric.js,fabricjs,16798,15/09/2020,1402,105,10,JavaScript,95
ML-From-Scratch,eriklindernoren,16779,16/09/2020,9,0,3,Python,60
velocity,julianshapiro,16763,03/08/2020,54,18,6,TypeScript,95
Android-Universal-Image-Loader,nostra13,16745,06/04/2020,51,0,9,Java,64
Kingfisher,onevcat,16742,17/09/2020,435,136,5,Swift,95
SpringAll,wuyouzhuguli,16716,13/05/2020,1,0,2,Java,75
tips,git-tips,16712,25/08/2020,127,0,5,JavaScript,59
blueprint,palantir,16706,16/09/2020,1731,110,4,TypeScript,77
NLP-progress,sebastianruder,16691,16/09/2020,359,3,2,Python,76
jquery-pjax,defunkt,16687,20/12/2019,81,11,9,JavaScript,88
graphql-js,graphql,16683,17/09/2020,1640,111,5,JavaScript,88
hhvm,facebook,16659,17/09/2020,88,15,10,C++,90
halo,halo-dev,16654,17/09/2020,240,56,2,Java,90
wekan,wekan,16633,17/09/2020,561,145,6,JavaScript,76
source-code-pro,adobe-fonts,16619,28/07/2020,42,11,8,CSS,75
material,angular,16616,14/09/2020,863,11,6,JavaScript,96
RedisDesktopManager,uglide,16612,16/09/2020,279,64,7,C++,99
PayloadsAllTheThings,swisskyrepo,16546,17/09/2020,175,1,4,Python,83
phpunit,sebastianbergmann,16539,17/09/2020,689,0,11,PHP,96
CS-Interview-Knowledge-Map,InterviewMap,16539,03/05/2020,60,0,2,Não Informado,73
Micro8,Micropoor,16532,25/03/2019,2,0,1,Não Informado,71
IntelliJ-IDEA-Tutorial,judasn,16520,10/09/2020,37,0,5,Não Informado,93
playwright,microsoft,16513,17/09/2020,2640,20,1,TypeScript,86
wenyan,wenyan-lang,16510,08/08/2020,160,13,1,TypeScript,65
algo,wangzheng0822,16509,09/09/2020,321,0,2,Python,20
pkg,vercel,16457,06/09/2020,49,22,4,JavaScript,39
less.js,less,16420,29/07/2020,423,29,10,JavaScript,95
fresco,facebook,16315,14/09/2020,81,42,5,Java,95
ExoPlayer,google,16315,17/09/2020,447,2,6,Java,94
js-cookie,js-cookie,16308,08/09/2020,51,29,5,JavaScript,99
validator.js,validatorjs,16260,16/09/2020,453,5,10,JavaScript,87
uikit,uikit,16260,04/09/2020,190,168,7,CSS,84
notable,notable,16228,30/05/2020,25,20,2,TypeScript,65
api-guidelines,microsoft,16212,15/09/2020,70,0,4,Não Informado,68
quasar,quasarframework,16210,17/09/2020,2266,342,5,JavaScript,96
lazydocker,jesseduffield,16191,20/07/2020,79,25,1,Go,51
typeahead.js,twitter,16151,17/07/2020,106,0,7,JavaScript,69
fks,JacksonTian,16138,27/06/2019,81,0,8,JavaScript,59
jenkins,jenkinsci,16132,17/09/2020,3521,61,10,Java,0
react-native-guide,reactnativecn,16096,27/07/2020,48,0,5,Não Informado,90
hosts,StevenBlack,16092,17/09/2020,317,267,8,Python,96
egg,eggjs,16085,14/09/2020,937,77,4,JavaScript,96
winston,winstonjs,16071,12/09/2020,361,4,10,JavaScript,75
mojs,mojs,16047,07/09/2020,38,14,6,JavaScript,75
go,datasciencemasters,16041,13/09/2020,43,0,7,Não Informado,49
swoole-src,swoole,16039,17/09/2020,926,194,8,C++,98
mint-ui,ElemeFE,16037,07/09/2020,297,11,4,Vue,80
ZeroNet,HelloZeroNet,16037,03/09/2020,376,22,5,Python,69
cleave.js,nosir,16025,01/09/2020,132,66,4,JavaScript,72
portainer,portainer,15999,17/09/2020,1217,74,4,JavaScript,79
logrus,sirupsen,15987,16/09/2020,369,9,7,Go,89
v8,v8,15976,24/08/2020,0,0,6,C++,0
flexbox-layout,google,15967,26/08/2020,244,24,4,Kotlin,74
awesome-tensorflow,jtoy,15962,25/08/2020,107,0,4,Não Informado,100
node-lessons,alsotang,15920,10/06/2020,26,0,6,JavaScript,35
chinese-independent-developer,1c7,15913,05/09/2020,93,0,3,Não Informado,96
awesome-deep-learning,ChristosChristofidis,15832,08/08/2020,124,0,5,Não Informado,93
mysql,mysqljs,15827,09/09/2020,108,0,10,JavaScript,93
libuv,libuv,15826,17/09/2020,455,0,7,C,94
anko,Kotlin,15805,05/12/2019,100,26,6,Kotlin,62
tqdm,tqdm,15804,13/09/2020,207,89,5,Python,68
celery,celery,15797,17/09/2020,1321,10,11,Python,91
SwitchyOmega,FelisCatus,15795,30/08/2020,7,51,8,CoffeeScript,80
edex-ui,GitSquared,15780,08/09/2020,348,23,3,JavaScript,92
100-Days-Of-ML-Code,MLEveryday,15757,18/02/2020,43,0,2,Jupyter Notebook,83
popper-core,popperjs,15757,07/09/2020,398,123,4,JavaScript,98
dnSpy,0xd4d,15756,15/09/2020,51,2,5,C#,88
fastify,fastify,15752,17/09/2020,1294,155,4,JavaScript,95
canal,alibaba,15720,17/09/2020,321,20,7,Java,88
electron-react-boilerplate,electron-react-boilerplate,15712,14/09/2020,649,42,5,TypeScript,97
MBProgressHUD,jdg,15711,08/09/2020,96,0,11,Objective-C,87
framework7,framework7io,15704,17/09/2020,377,142,6,JavaScript,97
plaid,android,15686,11/09/2020,368,0,5,Kotlin,81
vue-next,vuejs,15685,17/09/2020,946,50,2,TypeScript,93
joi,sideway,15674,12/09/2020,366,0,8,JavaScript,98
phoenix,phoenixframework,15653,16/09/2020,1615,20,6,Elixir,99
hubot,hubotio,15643,22/07/2020,508,9,9,JavaScript,90
hacker-laws,dwmkerr,15643,09/09/2020,138,0,2,Shell,34
magenta,magenta,15629,16/09/2020,906,47,4,Python,68
coffeescript,jashkenas,15617,26/06/2020,851,0,11,CoffeeScript,99
ice,alibaba,15612,17/09/2020,1842,17,4,TypeScript,98
zheng,shuzheng,15600,09/09/2020,10,0,4,Java,66
folly,facebook,15596,17/09/2020,3,4,8,C++,71
spring-cloud-alibaba,alibaba,15591,17/09/2020,417,13,3,Java,77
xxl-job,xuxueli,15574,13/09/2020,81,29,5,Java,83
Public-APIs,n0shake,15574,17/09/2020,267,0,4,Não Informado,89
hutool,looly,15568,17/09/2020,99,65,6,Java,100
handlebars.js,handlebars-lang,15542,14/09/2020,301,0,10,JavaScript,95
fish-shell,fish-shell,15543,17/09/2020,990,28,8,Shell,91
PHPMailer,PHPMailer,15536,07/09/2020,265,42,9,PHP,98
DoraemonKit,didi,15529,17/09/2020,203,3,2,Java,88
trix,basecamp,15480,15/09/2020,110,29,7,CoffeeScript,94
react-use,streamich,15474,17/09/2020,983,229,2,TypeScript,54
reddit,reddit-archive,15472,17/10/2017,18,0,12,Python,0
reverse-interview,viraptor,15461,13/09/2020,47,0,1,Não Informado,65
python-cheatsheet,gto76,15458,05/09/2020,12,0,2,Python,80
homebridge,homebridge,15445,17/09/2020,273,14,6,TypeScript,100
react-loadable,jamiebuilds,15422,07/09/2020,105,0,3,JavaScript,0
hexo-theme-next,iissnan,15410,02/04/2020,274,18,6,CSS,97
MS-DOS,microsoft,15407,10/10/2019,34,0,2,Assembly,94
Mock,nuysoft,15397,17/08/2020,7,14,7,JavaScript,35
ruby-style-guide,rubocop-hq,15395,13/09/2020,337,0,9,Não Informado,78
vegeta,tsenart,15393,13/09/2020,129,62,7,Go,87
bazel,bazelbuild,15356,17/09/2020,23,91,6,Java,76
terminus,Eugeny,15325,17/09/2020,724,105,4,TypeScript,79
superagent,visionmedia,15323,17/09/2020,403,65,9,JavaScript,88
statsd,statsd,15321,28/08/2020,299,0,10,JavaScript,84
tinker,Tencent,15318,09/09/2020,65,32,4,Java,76
react-demos,ruanyf,15300,02/08/2020,19,0,5,JavaScript,100
redux-thunk,reduxjs,15280,05/08/2020,48,12,5,JavaScript,98
HarmonyOS,Awesome-HarmonyOS,15277,15/09/2020,13,0,1,C,0
eShopOnContainers,dotnet-architecture,15231,15/09/2020,314,7,4,C#,96
quick-look-plugins,sindresorhus,15221,30/01/2020,22,0,7,Não Informado,91
cs-video-courses,Developer-Y,15202,06/09/2020,69,0,4,Não Informado,86
NES.css,nostalgic-css,15196,04/09/2020,214,7,2,CSS,85
libra,libra,15190,17/09/2020,963,0,1,Rust,76
rancher,rancher,15188,17/09/2020,4559,578,6,Go,86
SwiftGuide,ipader,15178,03/08/2020,25,0,6,Swift,100
eng-practices,google,15173,04/08/2020,8,0,1,Não Informado,67
dropzone,enyo,15164,28/07/2020,68,32,8,JavaScript,0
crystal,crystal-lang,15154,17/09/2020,3292,83,8,Crystal,82
WaveFunctionCollapse,mxgmn,15151,18/07/2020,17,0,4,C#,92
DeepSpeech,mozilla,15145,17/09/2020,1228,96,4,C++,96
reinforcement-learning,dennybritz,15138,17/07/2020,58,0,4,Jupyter Notebook,40
bower,bower,15135,04/09/2020,341,36,8,JavaScript,100
iview-admin,iview,15121,21/07/2020,90,30,3,Vue,52
dva,dvajs,15104,16/09/2020,195,35,4,JavaScript,99
chalk,chalk,15090,09/09/2020,77,18,7,JavaScript,97
docsify,docsifyjs,15085,16/09/2020,362,9,4,JavaScript,88
AR.js,jeromeetienne,15066,16/07/2020,77,0,3,HTML,99
REKCARC-TSC-UHT,PKUanonym,15064,13/09/2020,55,0,1,HTML,59
flatbuffers,google,15048,17/09/2020,931,17,6,C++,91
dbeaver,dbeaver,15040,17/09/2020,815,111,5,Java,86
jeecg-boot,zhangdaiscott,15028,17/09/2020,7,9,2,Java,98
FileSaver.js,eligrey,14998,16/08/2020,65,14,9,JavaScript,82
awesome-blockchain-cn,chaozh,14991,29/05/2020,7,0,3,JavaScript,72
API-Security-Checklist,shieldfy,14981,31/08/2020,91,0,3,Não Informado,63
micro,zyedidia,14971,17/09/2020,433,29,4,Go,74
vant,youzan,14957,17/09/2020,2559,32,3,JavaScript,100
pace,HubSpot,14943,04/09/2020,28,23,7,CSS,33
fd,sharkdp,14929,10/09/2020,197,23,3,Rust,88
relay,facebook,14929,17/09/2020,107,57,5,JavaScript,86
jasmine,jasmine,14927,17/09/2020,279,40,12,JavaScript,95
websocketd,joewalnes,14902,08/05/2020,83,6,7,Go,90
forem,forem,14892,17/09/2020,6246,0,4,Ruby,72
pumpkin-book,datawhalechina,14892,02/09/2020,43,2,2,Não Informado,70
masonry,desandro,14885,14/01/2020,10,22,11,HTML,97
numpy,numpy,14879,17/09/2020,6622,57,10,Python,79
material-components-web,material-components,14875,17/09/2020,3092,4,4,TypeScript,88
GSYVideoPlayer,CarGuo,14873,08/09/2020,13,19,4,Java,99
q,kriskowal,14863,18/05/2020,149,0,10,JavaScript,82
TensorFlow-Course,instillai,14863,06/07/2020,7,1,2,Python,100
pwc,zziz,14860,16/01/2020,10,0,2,Não Informado,20
parallax,wagerfield,14858,13/07/2020,14,11,7,JavaScript,80
ToolsOfTheTrade,cjbarber,14848,16/09/2020,291,0,6,Não Informado,100
kibana,elastic,14842,17/09/2020,44628,33,7,TypeScript,75
ws,websockets,14828,17/09/2020,447,60,9,JavaScript,99
games,leereilly,14827,08/08/2020,192,0,8,Não Informado,37
recharts,recharts,14823,10/09/2020,258,0,5,TypeScript,91
postgrest,PostgREST,14817,15/09/2020,494,27,6,Haskell,89
zepto,madrobby,14812,10/01/2020,218,18,10,HTML,91
mars,Tencent,14812,15/09/2020,49,6,4,C++,72
keystone-classic,keystonejs,14810,20/08/2020,1740,16,7,JavaScript,88
react-developer-roadmap,adam-golab,14796,29/08/2020,26,0,2,JavaScript,46
Telegram,DrKLO,14789,14/09/2020,17,32,7,C++,0
Flat-UI,designmodo,14787,13/02/2019,38,1,7,CSS,96
svgo,svg,14776,06/09/2020,200,34,8,JavaScript,68
zsh-autosuggestions,zsh-users,14755,05/09/2020,100,0,7,Shell,88
ionicons,ionic-team,14752,09/09/2020,42,30,7,TypeScript,54
medium-editor,yabwe,14750,05/08/2020,516,149,7,JavaScript,66
sherlock,sherlock-project,14746,17/09/2020,304,0,2,Python,91
lectures,oxford-cs-deepnlp-2017,14734,12/06/2017,4,0,3,Não Informado,39
apollo-client,apollographql,14710,17/09/2020,3009,5,4,TypeScript,82
jsdom,jsdom,14680,17/09/2020,690,21,10,JavaScript,83
envoy,envoyproxy,14679,17/09/2020,7348,34,4,C++,82
Carbon,briannesbitt,14679,17/09/2020,928,164,8,PHP,99
css-protips,AllThingsSmitty,14672,25/06/2020,43,0,5,Não Informado,89
cocos2d-x,cocos2d,14653,17/09/2020,12325,0,10,C++,73
skywalking,apache,14646,17/09/2020,2376,40,5,Java,98
lime,limetext,14640,30/12/2019,160,0,8,Não Informado,95
SpaceVim,SpaceVim,14630,17/09/2020,1792,16,4,Vim script,97
N-blog,nswbmw,14629,29/10/2019,25,0,7,JavaScript,96
ccxt,ccxt,14613,17/09/2020,2318,0,3,JavaScript,93
bootstrap,angular-ui,14602,10/02/2019,69,5,8,JavaScript,94
professional-programming,charlax,14599,16/09/2020,20,0,5,Python,100
recompose,acdlite,14597,08/09/2020,246,42,5,JavaScript,87
pyspider,binux,14575,02/08/2020,90,13,6,Python,68
delve,go-delve,14573,15/09/2020,797,8,6,Go,91
spf13-vim,spf13,14563,11/09/2020,256,0,10,Vim script,57
solarized,altercation,14554,27/04/2020,21,0,9,Vim script,39
IQKeyboardManager,hackiftekhar,14552,11/09/2020,99,75,7,Objective-C,97
awesome-falsehood,kdeldycke,14549,14/09/2020,33,0,4,Não Informado,85
ink,vadimdemedes,14546,15/09/2020,137,37,3,TypeScript,88
draggable,Shopify,14543,12/09/2020,114,11,3,JavaScript,60
react-sketchapp,airbnb,14521,11/07/2020,189,28,3,TypeScript,91
rough,rough-stuff,14506,26/06/2020,48,15,4,TypeScript,84
rxdb,pubkey,14502,17/09/2020,1841,54,4,TypeScript,99
Android-CleanArchitecture,android10,14488,10/04/2020,13,0,6,Java,50
interview,huihut,14486,03/09/2020,26,0,2,C++,94
inferno,infernojs,14485,21/08/2020,531,159,5,JavaScript,95
Best-App,hzlzh,14480,15/05/2020,49,0,7,Não Informado,53
cli,urfave,14479,17/09/2020,471,21,7,Go,91
insomnia,Kong,14464,17/09/2020,626,130,4,JavaScript,75
Awesome,Awesome-Windows,14447,15/09/2020,204,0,4,Não Informado,91
homemade-machine-learning,trekhleb,14443,08/07/2020,2,0,2,Jupyter Notebook,39
gotty,yudai,14425,31/08/2020,33,16,5,Go,61
ratchet,twbs,14415,25/06/2020,231,4,8,CSS,62
core,dotnet,14391,16/09/2020,1092,110,6,Shell,93
ipython,ipython,14384,17/09/2020,5077,28,10,Python,79
charts,helm,14368,17/09/2020,12887,0,5,Go,98
setup-ipsec-vpn,hwdsl2,14307,13/09/2020,12,0,4,Shell,100
redisson,redisson,14306,17/09/2020,236,85,6,Java,94
react-hook-form,react-hook-form,14302,17/09/2020,819,284,1,TypeScript,100
react-dnd,react-dnd,14301,14/09/2020,1246,124,6,TypeScript,88
riot,riot,14293,31/08/2020,439,67,7,JavaScript,100
v2rayN,2dust,14290,05/09/2020,33,49,1,C#,71
HowToBeAProgrammer,braydie,14290,24/10/2018,84,0,4,Não Informado,81
WordPress,WordPress,14286,17/09/2020,0,0,9,PHP,0
mybatis-3,mybatis,14264,16/09/2020,667,32,7,Java,88
git-extras,tj,14254,11/09/2020,438,15,10,Shell,72
cat,dianping,14252,20/08/2020,864,0,8,Java,93
Awesome-Linux-Software,luong-komorebi,14241,17/09/2020,376,0,4,Python,89
CnC_Remastered_Collection,electronicarts,14240,16/09/2020,0,0,0,C++,20
NativeBase,GeekyAnts,14240,17/09/2020,479,85,4,JavaScript,93
vim-airline,vim-airline,14217,16/09/2020,549,11,7,Vim script,98
go-micro,micro,14217,17/09/2020,1122,85,5,Go,96
handsontable,handsontable,14209,17/09/2020,602,175,9,JavaScript,89
litemall,linlinjava,14207,25/08/2020,73,7,2,Java,90
download,getlantern,14190,15/08/2020,3,0,2,Não Informado,0
k3s,rancher,14177,17/09/2020,658,134,2,Go,57
toml,toml-lang,14174,30/08/2020,291,7,7,Python,93
prepack,facebook,14155,04/09/2020,500,43,5,JavaScript,75
SpringCloudLearning,forezp,14154,10/06/2020,0,0,3,Java,24
flink,apache,14151,17/09/2020,2968,0,6,Java,0
nacos,alibaba,14140,17/09/2020,766,29,2,Java,88
awesome-datascience,academic,14125,15/09/2020,158,0,6,Não Informado,94
examples,pytorch,14119,02/09/2020,251,0,4,Python,52
spleeter,deezer,14113,04/09/2020,31,1,1,Python,79
lazysizes,aFarkas,14111,26/08/2020,60,93,6,JavaScript,81
BullshitGenerator,menzi11,14108,26/07/2020,7,0,1,JavaScript,20
react-admin,marmelab,14109,17/09/2020,2148,151,4,TypeScript,95
nerdtree,preservim,14104,18/08/2020,272,0,12,Vim script,99
sanic,huge-success,14092,12/09/2020,821,30,4,Python,94
mustache.js,janl,14090,15/08/2020,155,15,11,JavaScript,87
vimium,philc,14079,31/08/2020,573,0,11,JavaScript,73
realm-cocoa,realm,14072,17/09/2020,2138,162,8,Objective-C,92
css-modules,css-modules,14067,04/08/2020,22,0,5,Não Informado,71
pytudes,norvig,13989,13/09/2020,44,0,3,Jupyter Notebook,65
bitcoinbook,bitcoinbook,13978,06/09/2020,265,3,7,Python,83
bokeh,bokeh,13975,17/09/2020,3780,0,8,Python,91
dgraph,dgraph-io,13965,17/09/2020,2829,80,5,Go,100
lowdb,typicode,13955,04/09/2020,60,21,6,JavaScript,70
react-helmet,nfl,13940,11/09/2020,166,3,5,JavaScript,62
f8app,fbsamples,13906,23/07/2020,43,0,4,JavaScript,92
tfjs,tensorflow,13902,17/09/2020,1291,31,2,TypeScript,83
Carthage,Carthage,13900,17/09/2020,934,72,6,Swift,92
aos,michalsnik,13898,04/09/2020,38,0,5,JavaScript,65
p5.js,processing,13895,15/09/2020,1647,73,7,JavaScript,96
jumpserver,jumpserver,13894,17/09/2020,1618,43,6,JavaScript,95
wechat_jump_game,wangshub,13894,28/01/2020,146,2,3,Python,97
data,fivethirtyeight,13892,17/09/2020,42,0,6,Jupyter Notebook,70
nps,ehang-io,13885,22/08/2020,62,57,2,Go,89
react-native-vector-icons,oblador,13881,17/09/2020,144,58,5,JavaScript,72
RSSHub,DIYgod,13863,17/09/2020,3003,235,2,JavaScript,91
SwiftLint,realm,13854,17/09/2020,1252,78,5,Swift,77
blessed-contrib,yaronn,13847,30/08/2020,64,0,5,JavaScript,50
leetcode,haoel,13833,26/07/2020,76,0,6,C++,67
ui-router,angular-ui,13816,17/08/2020,308,57,7,TypeScript,100
awesome-spider,facert,13810,06/08/2020,37,0,4,Não Informado,48
Perfect,PerfectlySoft,13804,21/07/2020,74,1,5,Swift,74
ShareX,ShareX,13799,17/09/2020,598,66,7,C#,91
locust,locustio,13797,17/09/2020,357,33,9,Python,96
openssl,openssl,13796,17/09/2020,83,0,7,C,75
jitsi-meet,jitsi,13790,17/09/2020,3157,21,7,JavaScript,89
amphtml,ampproject,13788,17/09/2020,15299,549,5,JavaScript,84
incubator-weex,apache,13773,17/09/2020,1702,5,3,C++,78
PySnooper,cool-RR,13766,14/09/2020,61,0,1,Python,85
java8-tutorial,winterbe,13761,02/09/2020,10,0,6,Java,0
functional-programming-jargon,hemanth,13756,03/04/2020,111,0,5,Não Informado,67
OnJava8,LingCoder,13753,17/09/2020,403,0,2,Não Informado,84
nginx-proxy,nginx-proxy,13735,17/09/2020,176,0,6,Python,51
HikariCP,brettwooldridge,13735,14/09/2020,183,0,7,Java,82
Spring,MengTo,13731,09/05/2020,60,0,6,Swift,41
Sentinel,alibaba,13728,17/09/2020,339,16,2,Java,83
luigi,spotify,13718,17/09/2020,1709,49,8,Python,95
